ra,dec,objID,run,rerun,camcol,field,name,z
0.448491078268319,-3.87984897415513,1237672841744810740,6372,301,3,89,J000147.64-035247.4,5.27
0.637184940609131,13.2427101903681,1237678860082480175,7773,301,5,314,J000232.92+131433.7,5.82
1.26563421096904,21.7517002013118,1237680297281651603,8108,301,2,249,J000503.75+214506.1,5.36
1.58075241423762,13.6137593998749,1237678860619809725,7773,301,6,321,J000619.38+133649.6,4.86
2.32501254652117,-10.28972311329,1237652900212245358,1729,301,3,98,J000918.00-101723.0,5.33
2.66681874929333,11.9731850521952,1237678858472718977,7773,301,2,327,J001040.04+115823.4,5.44
2.9561389720443,7.7557088590927,1237669702655803974,5641,301,4,16,J001149.47+074520.5,4.92
4.64583615834101,8.26654563894708,1237669703193395965,5641,301,5,27,J001835.00+081559.4,5.34
4.80058188589334,4.59763033112184,1237678661426086509,7727,301,3,98,J001912.13+043551.3,5.03
6.63943119057507,16.4937505580611,1237678600234271776,7713,301,1,273,J002633.47+162937.5,5.1
6.64007863062665,25.2814246239513,1237680070706922405,8055,301,4,17,J002633.61+251653.1,5.06
7.48551304730017,29.1534223931742,1237680331643028074,8116,301,2,274,J002956.51+290912.4,4.92
7.99531952319876,14.8281871365384,1237649863666303608,1022,301,3,36,J003158.87+144941.4,4.85
8.46083480460652,2.59971447272795,1237678619032158836,7717,301,4,386,J003350.60+023559.0,4.86
8.75967068545609,-2.53162032584608,1237657066325738493,2699,301,3,25,J003502.32-023153.9,4.62
9.88783462766708,31.2880615607946,1237680309622277247,8111,301,1,136,J003933.07+311717.0,4.87
11.093177276328,17.0856214887267,1237679168227115652,7845,301,3,20,J004422.36+170508.2,4.78
12.5093897543949,11.0687525481131,1237678834830148309,7767,301,6,18,J005002.24+110407.5,5.06
14.2457952999535,-5.14051229621874,1237679078058426993,7824,301,3,411,J005658.99-050825.7,4.82
14.5607378241122,3.8727995400235,1237678660356604693,7727,301,1,163,J005814.57+035222.0,4.87
15.2653232826932,3.43600270751737,1237678620108849777,7717,301,6,431,J010103.68+032609.6,4.89
15.9802218709743,3.83845141697668,1237678660357259888,7727,301,1,173,J010355.25+035018.5,4.96
18.3272745175375,6.10770918770412,1237678802084692669,7760,301,1,74,J011318.55+060627.7,5.19
18.5404338769486,3.40234274176691,1237678620110292003,7717,301,6,453,J011409.71+032408.4,5.04
18.9504410008658,26.3333046368953,1237666090593616436,4800,301,4,97,J011548.10+262000.0,5.33
19.7223505352256,22.1762781779011,1237679478015132391,7917,301,4,226,J011853.37+221034.6,4.81
20.1753983333426,8.5544217962096,1237678905180619520,7784,301,1,329,J012042.09+083315.9,5.01
20.3076908503375,11.2204224149448,1237678857943450518,7773,301,1,443,J012113.85+111313.6,4.67
20.3417431541212,22.4754739131673,1237679478552265530,7917,301,5,230,J012122.02+222831.7,5.07
21.6440780929785,28.2049798865958,1237680331648467502,8116,301,2,357,J012634.58+281217.9,4.74
22.5761225130771,27.0421334490002,1237678791352910423,7757,301,5,160,J013018.29+270231.5,4.88
22.6813773142187,17.6982303848697,1237679169842512758,7845,301,6,93,J013043.52+174153.7,4.88
23.3320784596833,23.6540677590953,1237666274739618483,4843,301,3,86,J013319.70+233914.6,5.0
24.2431597193456,22.8831773869486,1237680069103452450,8055,301,1,126,J013658.36+225259.5,4.95
24.6834760580655,6.82842763191896,1237678803161187194,7760,301,3,116,J013844.03+064942.3,5.13
24.8346663851906,20.4689846194633,1237679541361902237,7932,301,2,165,J013920.34+202808.4,4.8
26.1087408077048,8.58659878884744,1237678905720111805,7784,301,2,369,J014426.10+083511.8,5.48
27.163790885341,-1.45516820308707,1237678890668982519,7780,301,6,83,J014839.31-012718.6,5.08
28.3218955984064,5.09630407160399,1237678662510117689,7727,301,5,255,J015317.25+050546.7,4.83
29.3081624196104,-5.48963810659945,1237679253058618182,7865,301,1,110,J015713.95-052922.8,4.85
29.6820287693017,5.78495511208024,1237670014581408764,5714,301,1,71,J015843.69+054706.0,5.11
30.2602237021399,-5.06916569566269,1237679253595882385,7865,301,2,116,J020102.46-050408.8,4.87
30.4287219208195,-1.89738753511234,1237678881033945854,7778,301,4,520,J020142.89-015350.5,5.03
30.6330666847165,-7.43189190297564,1237679438275740687,7908,301,2,59,J020231.94-072554.7,4.89
31.2653190166024,3.27287964944685,1237678620115861798,7717,301,6,538,J020503.68+031622.3,5.0
31.2772257674515,30.8531507318024,1237678892282741652,7781,301,1,131,J020506.53+305111.2,5.0
33.9409792582845,29.5509521048043,1237680315527791725,8112,301,4,135,J021545.83+293303.5,5.0
34.0423687577706,4.84971037268285,1237678662512607991,7727,301,5,293,J021610.17+045059.0,4.93
35.2722255734778,4.01218684772758,1237678661439390116,7727,301,3,301,J022105.35+040044.1,5.03
36.519768409001,-9.30524388589287,1237652899690119952,1729,301,2,323,J022604.75-091818.8,5.32
37.769846586708,7.28318002048319,1237667229835461320,5065,301,6,124,J023104.77+071658.9,5.33
39.3181926773638,-7.8873219451633,1237653502044275680,1869,301,4,94,J023716.37-075314.3,4.89
41.6137170465044,-3.92691760531585,1237679323401094044,7881,301,4,299,J024627.29-035536.9,4.91
41.6702308614528,5.74124935366886,1237667228226618264,5065,301,3,151,J024640.87+054428.4,4.87
42.6741969425518,-5.42767998565924,1237679439891596342,7908,301,5,139,J025041.81-052539.7,5.06
52.0424017661201,1.08624008743753,1237653000614314775,1752,301,6,208,J032810.18+010510.4,4.96
67.7699377268798,-8.54838811036353,1237674284312626191,6708,301,2,23,J043104.79-083254.1,5.26
67.8792245022976,-4.01473061262452,1237649929174647578,1037,301,5,190,J043131.01-040052.7,4.73
109.075746032708,38.1087087693415,1237663655341786029,4233,301,4,15,J071618.18+380630.9,4.96
109.882639530942,38.2258204506091,1237663549042001441,4208,301,6,25,J071931.84+381332.8,5.34
113.477292293628,45.1315038878682,1237663787951785139,4264,301,3,59,J073354.55+450753.4,4.9
114.107413105677,27.8135101342358,1237657595144570187,2822,301,4,40,J073625.78+274848.7,5.25
114.700167061986,26.2591291226925,1237657593533564680,2822,301,1,34,J073848.04+261532.8,5.32
115.564826771843,21.8396954707699,1237660563502990719,3513,301,5,27,J074215.56+215022.8,5.15
116.313621279801,19.3334768362507,1237660957030024679,3605,301,2,37,J074515.27+192000.5,4.95
119.510204572146,25.0674933645252,1237660344462017580,3462,301,5,63,J075802.45+250403.0,5.14
119.520579222935,38.8722805994736,1237653587943884082,1889,301,4,98,J075804.94+385220.1,5.16
120.33392692178,46.7111569344297,1237651273494365184,1350,301,5,113,J080120.15+464240.1,4.94
120.431840015766,26.7599378206885,1237658191608022002,2961,301,3,38,J080143.64+264535.7,5.03
120.724613760427,33.309160745159,1237657594074236256,2822,301,2,92,J080253.91+331832.9,5.3
121.010130850612,17.137812866178,1237665128518059300,4576,301,4,53,J080402.44+170816.1,4.95
123.102061394027,6.86409182159173,1237661069236437964,3631,301,3,43,J081224.49+065150.7,5.27
123.705919019709,44.66076893849,1237651190280422441,1331,301,2,129,J081449.41+443938.7,5.26
124.638664732754,35.7388768060566,1237657401876415606,2777,301,4,122,J081833.27+354419.9,5.51
124.901801531856,2.05283025945368,1237654604773458953,2126,301,2,38,J081936.42+020309.9,4.89
125.42792636076,34.8201155780293,1237664870280791133,4516,301,3,17,J082142.70+344912.4,5.04
125.629691816672,-2.36655585453983,1237655175466845269,2259,301,1,32,J082231.13-022159.7,4.92
125.833329218117,37.4131126090772,1237657119483167583,2711,301,6,135,J082320.00+372447.2,4.94
126.126525619261,28.3813372563236,1237660342854288350,3462,301,2,107,J082430.36+282252.8,5.28
127.495981740197,5.94345279078298,1237660669268919436,3538,301,2,63,J082959.04+055636.5,4.44
127.973200828111,-0.771554982572423,1237646795993055597,308,301,1,145,J083153.58-004617.5,5.0
129.771786972014,30.2294285285037,1237660765374579798,3560,301,5,151,J083905.22+301346.1,4.81
131.627525082188,-1.72283729019066,1237654897374987328,2194,301,3,143,J084630.61-014322.2,5.02
132.635258227355,37.6926136587351,1237657628438496351,2830,301,2,161,J085032.46+374133.4,4.86
132.81738349985,30.1603110034528,1237661126152356890,3644,301,5,159,J085116.20+300936.6,5.93
134.23928344105,6.84652321066438,1237660668735062824,3538,301,1,109,J085657.43+065047.6,4.94
134.591664711162,5.88180960166847,1237658425153422249,3015,301,6,138,J085822.00+055254.6,4.83
135.120581421484,52.947288953285,1237650279739950008,1119,301,2,16,J090028.93+525650.2,4.93
136.935979159548,11.6424618132436,1237671123761431731,5972,301,3,143,J090744.63+113832.8,6.04
138.925112108547,1.30751241251728,1237674459877672122,6749,301,1,149,J091542.02+011827.1,5.22
139.198464983476,1.68307089729807,1237673708795462578,6574,301,2,152,J091647.63+014059.2,5.07
139.941607434783,1.50617249292552,1237651753455911924,1462,301,3,97,J091945.99+013022.2,5.1
140.45262830276,54.6167556744568,1237653588490060591,1889,301,5,240,J092148.63+543700.3,4.97
140.621999267165,11.1940688186219,1237661924479337333,3830,301,4,158,J092229.29+111138.6,4.9
141.55239565446,56.9044162775218,1237651190824567467,1331,301,3,240,J092612.55+565415.9,4.82
142.196010985027,-2.44916738164672,1237654871067722516,2188,301,2,134,J092847.04-022656.9,5.25
143.858942523424,3.06979282369195,1237654600486945776,2125,301,2,167,J093526.15+030411.2,5.1
144.06519179199,3.23477680039252,1237654604781847423,2126,301,2,166,J093615.66+031405.1,5.12
144.335147503869,0.674035807112265,1237651752384070458,1462,301,1,126,J093720.44+004026.5,5.04
144.433045898505,53.2346488417803,1237654653108290410,2137,301,4,289,J093743.92+531404.5,4.8
145.131823276283,3.2978091677104,1237654604782306476,2126,301,2,173,J094031.64+031752.0,4.93
146.706017187667,43.3312370084197,1237657874331403136,2887,301,4,253,J094649.45+431952.4,5.13
147.989056790933,7.15674419723733,1237660582831784705,3518,301,1,49,J095157.38+070924.2,5.02
148.029061356763,43.5235876271627,1237658204500198169,2964,301,3,149,J095206.98+433124.9,5.15
148.241912532907,16.2870176835767,1237670965389100057,5935,301,4,213,J095258.06+161713.4,5.0
148.294989799569,5.92572089835917,1237658423548706963,3015,301,3,228,J095310.79+055532.6,5.38
149.045565388045,2.44065354209196,1237653665258471447,1907,301,4,177,J095610.94+022626.3,4.65
150.165319288019,4.63097927634134,1237654602100376430,2125,301,5,210,J100039.68+043751.6,4.8
150.864950045439,15.6363412937939,1237668496845111956,5360,301,6,37,J100327.59+153810.8,5.0
151.691506661278,-2.94819223748464,1237654870535045751,2188,301,1,198,J100645.96-025653.6,4.93
152.117909772901,-2.20830347270903,1237654871608984212,2188,301,3,201,J100828.30-021229.8,5.03
152.185003380904,10.8043778425839,1237661945946899098,3835,301,4,47,J100844.40+104815.7,5.18
156.757440550344,37.7278425061996,1237664670046618582,4469,301,6,302,J102701.79+374340.2,4.9
157.055933416176,38.1553466302158,1237661382239715613,3704,301,2,158,J102813.43+380919.2,5.37
157.118762875944,11.3189925403148,1237661950242652695,3836,301,4,59,J102828.51+111908.4,5.12
157.62974486636,-2.51235722636448,1237654897386389946,2194,301,3,317,J103031.14-023044.4,4.92
157.952054167021,4.61497444333368,1237654601566847818,2125,301,4,261,J103148.50+043653.8,4.96
159.196662672242,8.29288835758715,1237658491733476153,3031,301,2,261,J103647.20+081734.3,5.05
160.056073856823,4.99776189347923,1237654602104636498,2125,301,5,275,J104013.46+045951.9,5.39
160.451623174128,6.78929918448068,1237658423554016047,3015,301,3,309,J104148.39+064721.5,4.87
160.455351088172,15.3525522445765,1237668494701560775,5360,301,2,97,J104149.29+152109.3,5.42
160.744851008098,0.278869141786506,1237648721759175623,756,301,4,300,J104258.75+001643.8,4.99
162.44158057644,10.3963660205571,1237671932819014502,6160,301,6,38,J104945.98+102346.9,5.0
164.163415493367,5.61738622549335,1237654602643342078,2125,301,6,303,J105639.21+053702.5,5.19
165.112152635296,48.8247844175643,1237657874874303067,2887,301,5,345,J110026.94+484929.1,5.2
166.471522827378,0.992838066188024,1237651836669067836,1481,301,6,69,J110553.17+005934.1,5.12
167.022824117953,4.57959472279958,1237654605328745032,2126,301,3,319,J110805.48+043446.5,5.16
167.052608935515,15.3564734433,1237661070866252784,3631,301,6,336,J110812.62+152123.2,4.95
167.798870905854,5.60715738000768,1237654606402880346,2126,301,5,325,J111111.72+053625.7,5.24
167.931663519256,-1.628816253156,1237650371550380904,1140,301,5,100,J111143.59-013743.8,5.24
168.757371571528,51.6178387176464,1237657857143735095,2883,301,4,134,J111501.77+513704.0,5.14
168.9410087108,-0.406704083222716,1237661039172780508,3624,301,3,60,J111545.83-002424.2,4.94
169.662918430612,3.72385679080794,1237655123929006826,2247,301,1,59,J111839.10+034326.0,4.88
171.525813035888,37.5608001498622,1237664819820364879,4504,301,5,100,J112606.18+373338.9,4.87
172.244588843402,-5.8460768034095,1237671142014780807,5976,301,5,139,J112858.70-055045.8,5.53
172.264748867916,2.61857656846461,1237651754006938452,1462,301,4,313,J112903.54+023706.9,5.04
172.301844006135,-0.171731465186321,1237648721227351177,756,301,3,377,J112912.44-001018.3,4.89
173.307851626287,39.8938194881132,1237662225674208486,3900,301,5,315,J113313.88+395337.7,4.75
175.212928161308,31.487764241047,1237665367972905787,4632,301,2,212,J114051.10+312915.9,5.07
175.484212163494,7.05557624898756,1237661971181405203,3841,301,3,71,J114156.21+070320.0,4.97
176.054515369956,40.1837538493191,1237662225675125674,3900,301,5,329,J114413.09+401101.5,5.01
176.097258894359,0.188268203547416,1237671141481055623,5976,301,4,187,J114423.35+001117.7,4.98
176.137202950115,-3.42510949731406,1237650369406501000,1140,301,1,155,J114432.93-032530.4,5.54
179.170512984609,35.924678966378,1237665026513634352,4552,301,6,69,J115640.93+355528.8,4.88
179.90342009292,6.05155853681056,1237671140947263600,5976,301,3,234,J115936.82+060305.7,5.77
180.131364150728,45.075261154083,1237661872938943419,3818,301,4,146,J120031.52+450430.9,4.8
182.376829301187,-3.51698536377217,1237650369409254261,1140,301,1,197,J120930.44-033101.3,4.98
182.75729579226,16.188679526892,1237664292074946710,4381,301,6,80,J121101.75+161119.2,5.14
183.334223865381,36.8286655427694,1237664337181541190,4392,301,2,224,J121320.21+364943.2,4.86
183.990619183046,-1.1276823815352,1237654668676694628,2141,301,1,276,J121557.76-010739.7,5.09
184.101220687734,-2.54341474551827,1237650370483716971,1140,301,3,208,J121624.30-023236.3,5.28
185.11560261531,6.71715660367378,1237661970648728534,3841,301,2,135,J122027.74+064301.8,5.37
185.454682978073,15.9644856264061,1237662526839784246,3970,301,6,25,J122149.13+155752.1,4.75
187.029185909895,1.2046320335407,1237648675581001762,745,301,6,189,J122807.00+011216.6,5.13
187.13452184337,34.3929269265214,1237665024368968743,4552,301,2,112,J122832.28+342334.5,4.82
187.611454941258,41.4778878907511,1237662193453630052,3893,301,1,188,J123026.75+412840.3,6.27
187.930468976791,-1.84139343241837,1237650371559162494,1140,301,5,234,J123143.31-015029.1,4.89
188.316637478931,-3.00519863198244,1237650369948680790,1140,301,2,236,J123315.99-030018.7,4.78
188.805344262361,33.1589340895164,1237665227843699353,4599,301,5,122,J123513.28+330931.9,4.9
189.833253927666,34.858530817525,1237665024906822242,4552,301,3,127,J123919.99+345130.7,4.97
191.444372677178,35.9134835863721,1237665026517959559,4552,301,6,135,J124546.66+355448.5,5.15
191.457670626934,32.8050004703008,1237665330928484813,4623,301,5,207,J124549.86+324818.1,4.97
191.589257149479,-5.30139928841942,1237671265494369889,6005,301,3,128,J124621.42-051804.9,4.87
191.712896236695,-0.542504572585795,1237648720699000093,756,301,2,507,J124651.09-003233.0,4.63
193.029645606232,3.14680109049503,1237651737373246374,1458,301,5,455,J125207.11+030848.4,4.96
193.390938814478,32.868762913735,1237665227845403583,4599,301,5,148,J125333.82+325207.4,5.02
194.799935773819,-0.136499034277982,1237648673973797794,745,301,3,241,J125911.99-000811.4,5.07
196.93001095775,44.450394279459,1237661872944186214,3818,301,4,226,J130743.20+442701.4,5.0
198.155502030124,26.5720766790686,1237667322725270598,5087,301,3,294,J131237.33+263419.5,5.39
198.988430805064,-2.0326959448607,1237650371027141526,1140,301,4,308,J131557.22-020157.6,4.88
199.382784308239,3.24239889568724,1237651737376064523,1458,301,5,498,J131731.87+031432.6,4.76
201.359806323047,1.51153466998657,1237651735229432614,1458,301,1,511,J132526.35+013041.5,4.77
206.048098411891,44.7816180056335,1237661360762389090,3699,301,2,120,J134411.54+444653.5,4.93
206.657601668819,32.3552407003689,1237665127478133864,4576,301,2,569,J134637.83+322118.9,4.7
207.458287503776,2.76043760534321,1237651754559209738,1462,301,5,548,J134949.98+024537.6,5.05
208.479246031632,49.8500776370272,1237661958296699897,3838,301,3,74,J135355.02+495100.2,5.03
211.311178992569,41.4225780936753,1237661850404192918,3813,301,2,357,J140514.70+412521.4,5.17
211.728360145233,43.6738284427024,1237661433779782729,3716,301,2,165,J140654.81+434025.8,5.05
211.732845378977,34.5771522859304,1237664673258668424,4470,301,4,162,J140655.88+343437.8,4.89
212.852212534819,7.30225479626788,1237659348032094488,3230,301,5,101,J141124.53+071808.0,5.38
215.790192614738,-3.00620549631355,1237655497596011483,2334,301,1,133,J142309.65-030022.3,4.79
216.162780510502,26.7360599041917,1237665442597831447,4649,301,5,210,J142439.05+264410.0,4.93
220.390194350675,1.69126064185483,1237651753491104785,1462,301,3,634,J144133.65+014128.6,4.87
221.688789202306,36.8248493881596,1237662307265676619,3919,301,5,118,J144645.31+364929.4,4.83
221.867833446032,37.1848238976884,1237662307802546918,3919,301,6,118,J144728.28+371105.1,4.87
221.891490901114,9.01140260885854,1237658493908026241,3031,301,6,674,J144733.96+090041.0,4.78
223.236213667257,14.3884989912928,1237668350286954539,5326,301,5,153,J145256.69+142318.6,5.02
223.630070159273,-2.31087865324338,1237655691940856934,2379,301,3,96,J145431.22-021839.0,4.96
223.747061287535,11.1577306435267,1237662528996574294,3971,301,2,167,J145459.31+110927.9,4.93
224.443667167912,-1.43112370494154,1237655693014992048,2379,301,5,102,J145746.48-012551.9,5.06
225.678078536125,36.2803466865481,1237662619181974388,3992,301,2,31,J150242.74+361649.3,4.97
226.404143087531,5.87701178872264,1237662268073378982,3910,301,4,107,J150536.99+055237.2,4.9
227.677410388394,12.4917840317931,1237668331494376140,5322,301,2,121,J151042.58+122930.3,4.9
228.804097681354,16.4068851706324,1237667782316065964,5194,301,3,741,J151512.98+162424.8,4.92
229.529235445409,15.7483526378085,1237667781779588259,5194,301,2,747,J151807.02+154454.2,5.17
230.436756941292,32.0412300295452,1237662194005902468,3893,301,2,423,J152144.82+320228.4,5.42
230.924253258378,20.8205077795805,1237665550506918451,4674,301,6,180,J152341.82+204913.8,5.16
232.472387622239,37.3827615517762,1237661465447891778,3723,301,5,54,J152953.38+372258.0,4.95
233.412224754497,39.536170963724,1237662475299914577,3958,301,6,21,J153338.93+393210.3,4.89
233.471709570737,2.51343276569752,1237651821643301004,1478,301,2,170,J153353.22+023048.3,5.11
233.471853586827,22.7884700940427,1237665536001770476,4671,301,3,33,J153353.25+224718.4,5.35
233.532844004461,38.7942893693607,1237662474763240466,3958,301,5,24,J153407.88+384739.4,5.31
234.501386174571,33.8392919846489,1237662335179293333,3926,301,1,62,J153800.34+335021.4,4.87
234.51034167555,11.9336971443266,1237668332571002136,5322,301,4,165,J153802.48+115601.2,5.1
235.023623033865,1.64586835821735,1237655469138642401,2327,301,4,84,J154005.67+013845.0,5.0
237.331871670054,31.5117480712415,1237662581606056939,3983,301,4,108,J154919.65+313042.3,4.86
237.537133621605,2.98471179825613,1237654880210059638,2190,301,3,371,J155008.91+025905.1,5.13
237.581841191629,14.3665545166263,1237668366923662561,5330,301,4,57,J155019.65+142159.6,4.85
237.735871709976,30.0648976499353,1237662640119284523,3997,301,1,21,J155056.61+300353.6,4.78
238.03947444125,-0.386545125681444,1237655500290130705,2334,301,6,282,J155209.47-002311.6,5.56
239.873096617424,3.74101676707499,1237651823793538084,1478,301,6,212,J155929.54+034427.7,4.78
240.557745374272,35.0586406945241,1237662300834497684,3918,301,1,290,J160213.88+350330.9,6.11
241.349620624459,33.0834593557014,1237662473693234369,3958,301,3,81,J160523.91+330500.3,5.43
242.27660480102,5.63463622398163,1237662197753185883,3894,301,1,258,J160906.39+053804.6,4.81
242.321482999715,33.9251891575232,1237662475303847206,3958,301,6,81,J160917.15+335530.6,4.9
242.827248811727,6.53983681493371,1237662239102141716,3903,301,6,409,J161118.55+063223.5,4.9
243.7162627657,5.97263687429762,1237661949206332058,3836,301,2,630,J161451.90+055821.4,4.92
244.362953835727,14.7741553775114,1237665531725088448,4670,301,3,312,J161727.11+144627.0,4.86
244.991763916677,18.3445516872237,1237671691764958409,6104,301,5,53,J161958.02+182040.3,4.85
244.99954841261,37.3395515658337,1237661386543006896,3705,301,2,285,J161959.88+372022.3,4.79
245.369420442407,11.5570436117975,1237668366390330948,5330,301,3,111,J162128.66+113325.4,5.05
246.443710937592,8.19082865137627,1237668349223503246,5326,301,3,310,J162546.50+081126.9,4.92
246.476053725936,28.0785783888622,1237662472622375145,3958,301,1,125,J162554.25+280442.9,5.06
246.977683111028,10.4608483978152,1237668365854246387,5330,301,2,123,J162754.64+102739.0,5.22
248.517947709404,8.86640990979022,1237668310559622871,5317,301,3,170,J163404.31+085159.1,4.98
248.891043881435,42.9064411257829,1237654639684355444,2134,301,3,256,J163533.85+425423.0,5.23
248.968254064842,33.0965328658854,1237661386008495679,3705,301,1,321,J163552.38+330547.5,5.16
249.662001112414,39.8905674541736,1237655374647591866,2305,301,4,57,J163838.87+395326.0,5.34
250.255942187463,33.6462090165676,1237661387619239417,3705,301,4,323,J164101.43+333846.2,5.09
250.808336808383,0.18364660653679,1237655550745184244,2346,301,4,117,J164314.00+001101.1,5.34
251.320434674428,26.562484520525,1237662504836465355,3965,301,5,153,J164516.91+263344.9,4.82
252.231859059551,34.1186044993743,1237659330318304099,3226,301,4,146,J164855.64+340707.0,4.88
253.677553534513,29.9288021149098,1237659162818184904,3187,301,4,201,J165442.62+295543.6,5.05
253.978593960582,43.1647007366704,1237671937113982000,6161,301,6,38,J165554.86+430952.8,4.87
255.402747931279,37.2080738574919,1237651252057146875,1345,301,5,687,J170136.65+371229.0,5.16
256.243776122702,33.9232391734349,1237655129307612632,2248,301,3,210,J170458.51+335523.6,4.75
258.464618918225,35.0002914105664,1237671936044107011,6161,301,4,97,J171351.51+350001.2,5.28
258.546007099946,40.8381436975888,1237668352962986479,5327,301,2,26,J171411.04+405017.4,4.88
259.231107482853,22.337207468028,1237661386551527430,3705,301,2,415,J171655.47+222013.8,4.98
261.375081212254,59.5776082106191,1237651311072052066,1359,301,3,63,J172530.01+593439.2,4.73
262.815863056307,30.8945708558035,1237665582189577762,4682,301,1,291,J173115.81+305340.5,5.05
264.805166514299,44.7509409400682,1237668736827655795,5416,301,5,56,J173913.23+444503.3,4.86
264.843618239789,52.2222802263502,1237651311075394467,1359,301,3,114,J173922.47+521320.4,4.8
267.236248884774,50.576882478553,1237656531070682149,2574,301,6,105,J174856.70+503436.8,4.92
269.09399834079,63.8109905334093,1237671767470900371,6122,301,2,162,J175622.57+634839.5,5.84
269.802754518617,46.358665454615,1237655748321346775,2392,301,4,234,J175912.62+462131.3,4.67
310.764668922185,-5.91459162233601,1237652599560536655,1659,301,3,37,J204303.51-055452.5,5.17
316.938496983998,5.40480552647787,1237669698364770160,5640,301,4,76,J210745.24+052417.3,4.85
324.126961712903,6.55687664231051,1237678723164931186,7741,301,6,78,J213630.47+063324.7,5.23
326.230678769861,-8.06806694060878,1237656538045219843,2576,301,3,32,J214455.36-080405.0,5.2
326.950043841149,-1.11183248872282,1237656567044638112,2583,301,1,160,J214748.01-010642.6,5.0
327.305757985809,-7.28661786659112,1237652600641552401,1659,301,5,148,J214913.38-071711.8,4.73
328.997650064469,25.9739421345694,1237680326797427399,8115,301,1,64,J215559.44+255825.9,4.83
329.644078043212,-7.965919389291,1237666210347811089,4828,301,3,585,J215834.58-075757.3,5.45
333.093174818505,24.4495485208046,1237680303175303596,8109,301,5,67,J221222.35+242658.4,4.9
335.1402568923,12.2228889597599,1237652942090929350,1739,301,1,140,J222033.67+121322.3,4.74
335.665376191937,19.3822107967141,1237680271500444811,8102,301,2,75,J222239.70+192255.9,4.75
339.422257366426,-4.49884387450101,1237680190976622732,8083,301,4,179,J223741.33-042955.5,5.27
339.676318662427,23.9588269884633,1237680301030310870,8109,301,1,105,J223842.31+235731.7,6.03
339.985535758907,-1.85890690611673,1237678881011860622,7778,301,4,183,J223956.53-015132.0,5.11
340.989806122904,4.74628358539944,1237678825178072105,7765,301,4,195,J224357.55+044446.6,5.13
341.921483924113,9.42648965156471,1237678906774717420,7784,301,4,77,J224741.16+092535.3,5.58
342.035199561957,30.4117540905651,1237680328413414713,8115,301,4,146,J224808.44+302442.2,5.25
342.837873392859,-5.23082126866354,1237679077507859216,7824,301,2,202,J225121.09-051350.8,5.19
344.243245098351,15.0491959833684,1237656243312919198,2507,301,6,182,J225658.38+150257.1,5.02
345.469404205135,16.9330584021602,1237678601836037038,7713,301,4,138,J230152.65+165558.9,4.8
346.037468015562,10.4570017692381,1237678907850293946,7784,301,6,105,J230409.00+102725.0,5.0
347.661379557265,3.60389464180672,1237678598621954780,7712,301,6,247,J231038.72+033613.9,4.8
347.857926277252,-5.41932225496009,1237680116880769790,8066,301,2,62,J231125.87-052509.7,4.94
347.974473925242,15.7726027044682,1237678600226407725,7713,301,1,153,J231153.87+154621.4,4.62
348.066750009857,31.2401429775084,1237680473908053249,8149,301,3,186,J231216.03+311424.4,4.87
349.116485700406,21.6271967731644,1237679477465875331,7917,301,3,37,J231627.96+213737.9,5.03
349.127117882133,-1.40791919542225,1237679998774739825,8038,301,6,147,J231630.51-012428.4,5.2
350.883600506864,2.64679935507952,1237678597549589457,7712,301,4,268,J232332.06+023848.4,5.11
352.297646739416,2.28913019895507,1237678597013373726,7712,301,3,278,J232911.44+021720.6,4.84
353.477886232001,-6.08976848537941,1237680265071165887,8100,301,6,276,J233354.68-060522.9,4.92
353.541739880403,-8.28400712066216,1237680262386877113,8100,301,1,277,J233410.03-081702.3,5.42
353.579861561976,-6.44066019476856,1237680243595084571,8095,301,6,257,J233419.15-062626.2,5.08
353.735902952875,-10.8976550204292,1237652628559037162,1666,301,1,151,J233456.62-105351.5,5.17
353.78048313135,9.45702717487955,1237678906242958309,7784,301,3,155,J233507.31+092725.3,5.2
359.664271498987,12.7857905100414,1237678859545215751,7773,301,4,308,J235839.43+124708.8,4.64
114.722067289309,18.3703409664494,1237660764292973547,3560,301,3,31,J073853.30+182213.2,4.33
128.995355136661,32.2753347453119,1237658190538343332,2961,301,1,100,J083558.88+321631.1,5.57
135.107146977593,30.9518326045477,1237661134197752623,3646,301,4,42,J090025.72+305706.6,4.41
138.385469908406,31.7502890726106,1237661382769312919,3704,301,3,47,J091332.51+314501.0,3.92
138.687015246104,2.06051424030173,1237653665253884251,1907,301,4,107,J091444.89+020337.8,4.41
145.812375535161,64.4502751274411,1237663530266198153,4204,301,3,249,J094314.99+642700.9,4.43
148.378760751781,70.0280595427841,1237663789575635791,4264,301,6,261,J095330.88+700140.8,5.32
148.831328540453,2.20826366013719,1237651753996714698,1462,301,4,157,J095519.52+021229.7,3.88
149.123595354714,32.2424525357803,1237664879415918770,4518,301,4,144,J095629.67+321432.7,5.15
157.704691003756,32.0940869060643,1237665128533918358,4576,301,4,295,J103049.13+320538.7,4.0
159.039271664262,33.6150305844999,1237664817668227713,4504,301,1,29,J103609.43+333654.0,4.32
159.12746813622,31.2340535953169,1237665015236395761,4550,301,1,24,J103630.59+311402.5,4.54
164.523484631717,33.4507352207426,1237665128536539929,4576,301,4,335,J105805.63+332702.6,4.74
178.37328156903,28.5075464038892,1237667431719765043,5112,301,6,442,J115329.59+283027.1,5.73
178.487217476898,27.6198790757664,1237667430646088294,5112,301,4,443,J115356.93+273711.5,3.97
178.904353757355,28.4257745450656,1237667444579369400,5115,301,6,56,J115537.05+282532.7,3.9
179.731325725211,26.4868324435703,1237667441895277569,5115,301,1,60,J115855.52+262912.6,4.23
193.061817942125,26.4627298835982,1237667322186433530,5087,301,2,264,J125214.84+262745.9,4.55
196.378543027218,31.66223856237,1237665329856578505,4623,301,3,235,J130530.85+313944.1,3.91
209.320615122568,22.9165464007653,1237665566068048811,4678,301,3,56,J135716.95+225459.6,4.67
209.927931590046,22.4427859803138,1237665565531440152,4678,301,2,60,J135942.71+222634.2,4.85
213.95938321006,31.3059280467365,1237665024915800727,4552,301,3,264,J141550.25+311821.3,4.11
214.540269458942,-1.08400113785102,1237648702980096859,752,301,1,474,J141809.66-010502.3,4.0
226.971919301928,33.5413425012257,1237662305657357320,3919,301,2,153,J150753.26+333228.9,4.36
227.380137218727,17.8662801765694,1237667736136975334,5183,301,5,616,J150931.23+175158.6,4.72
249.010508337776,23.3453149597626,1237662666963812700,4003,301,3,36,J163602.51+232043.0,4.54
259.32412503146,44.7814737178974,1237668736289079363,5416,301,4,30,J171717.79+444653.3,4.5
0.225222905137514,-0.463658510148416,1237645877408498393,94,301,2,169,PSO J049.2934???26.5543,5.94
1.43254756382332,-0.00127728194106846,1237666339182346528,4858,301,3,364,SDSS J2054???0005,6.0391
1.55636973189473,0.0621776963690603,1237653012437205251,1755,301,4,387,CFHQS J2242+0334,5.88
